t1_id,review,Sentiment,Predicted_Topic,Reasoning with Chain of Thought
1246451,Camera was perfect for me nor was thinking,Positive," Functionality ,", The user is discussing the functionality of the camera and how it met their needs.
731366,Could not get as much as get what I'm looking for.,Negative,,
4841513,Chose this over standard Bluetooth speakers own.,Positive,,
2506996,Chose this over drink would use it daily!,Positive," Comparisons,    ", The review chose this over drink would use it daily!
1145240,Chose this over standard Bluetooth speakers own.,Positive," Comparisons,", The user chose this over standard Bluetooth speakers own.
5812054,"discover the secrets of making practical .,,",Positive, Functionality, The review is talking about the functionality of the product.
2386828,"don talk to have is dvd rom cd style annuity ,,",Negative, Functionality , The review is talking about the product's functionality.
4550283,Camera was perfect and you really owe it to stand.,Positive," Functionality ,", The review is about the functionality of the camera. The review says that the camera is perfect.
4081378,Chose this over standard Bluetooth speakers own.,Positive," Comparisons,    "," The user chose this product over another one, so the review is a Comparison."
4221156,Chose this over standard Bluetooth speakers own.,Positive,,
5181155,Changes the whole package.I would recommend it,Positive," Functionality ,", The review is about the functionality of the product. The review says that the product changes the whole package and the user would recommend it.
312839,Chose this over standard Bluetooth speakers own.,Positive,,
2912716,"domain names llc wsr qbs sincerely toni ,,",Neutral, Functionality," The review is about domain names and is not a comparison or spam. Therefore, the topic is Functionality."
2644961,"discreet penis enlargement 4623 4623,,",Positive, Spam, The review is not a standard review and contains spam like content.
5459981,"deal with engine dr sarasota fl ga biz and org .,,",Neutral, Spam, The review contains business names and a location which is not a typical review. This is likely spam.
3681593,"discreet penis enlargement 4623 4623,,",Positive, Spam, The review is not about a product's functionality. It is not a comparison. It is spam.
3869680,"discreet penis enlargement 4623 4623,,",Positive, Spam, The review contains spam like content.
2859254,"discontinue making nice hydraulic day !,,",Negative, Spam," The review is not in standard English, so it is considered Spam."
535941,"delivery status failed antunes coppead ufrj br,,",Negative, Functionality ," The review is about the delivery status and it failed. So, the topic is Functionality."
2106035,Charger has worked well as my Apple buds.Read more,Positive," Functionality ,"," The review mentions that the charger has worked well, which indicates that the product is functioning as intended."
5621378,"deal with your potency don stand .,,",Negative," Spam,    ", The review is not coherent and does not make sense.
4521051,Charger has worked as it is portable.,Positive," Functionality ,", The review is about the functionality of the product because the review talks about how the charger has worked as it is portable.
1257767,Cute speaker. bit more than satisfied with it.,Positive," Functionality,    "," The review mentions the functionality of the product, specifically that it is a speaker and that the user is satisfied with it."
2565047,"discontinue making better artist .,,",Negative,,
5265040,Chose this over standard Bluetooth speakers own.,Positive,,
4937054,"discreet penis enlargement 4623 4623,,",Neutral, Spam, The review contains spam like words.
5154291,Camera was perfect and you can buy!,Positive," Functionality ,", The review is about the functionality of the product. The review says the camera was perfect and you can buy.
